{
  "top_performers": {
    "count": 20,
    "highest_success_rate": 0.6577777777777778,
    "lowest_success_rate_in_top": 0.48444444444444446,
    "average_success_rate": 0.5346666666666666,
    "problem_ids": [
      "p02701",
      "p03470",
      "p02898",
      "p03160",
      "p02393",
      "p02831",
      "p02835",
      "p02259",
      "p02766",
      "p03161",
      "p00003",
      "p03448",
      "p02260",
      "p03293",
      "p02388",
      "p02995",
      "p02934",
      "p02982",
      "p02414",
      "p00001"
    ]
  },
  "bottom_performers": {
    "count": 20,
    "highest_success_rate_in_bottom": 0.18222222222222223,
    "lowest_success_rate": 0.10666666666666667,
    "average_success_rate": 0.15466666666666667,
    "problem_ids": [
      "p02687",
      "p02390",
      "p03107",
      "p02717",
      "p03242",
      "p03449",
      "p02753",
      "p03282",
      "p03469",
      "p03315",
      "p02783",
      "p02724",
      "p02612",
      "p02639",
      "p03220",
      "p03013",
      "p02731",
      "p03854",
      "p03071",
      "p02407"
    ]
  }
}